<?xml version="1.0" encoding="UTF-8"?>
<?xml-model href="SchemaForFirstXmlLetters.rnc" type="application/relax-ng-compact-syntax"?>
<XML>
    <letter n="1">
        <line n="1">$<number>100</number> REWARD</line>
        <line n="2">WILL be given for the apprehension and</line>
        <line n="3">delivery of my Servant Girl <name>HARRIET</name>. She</line>
        <line n="4">is a light mulatto, <number>21</number> years of age, about
            <number>5</number></line>
        <line n="5">feet <number>4</number> inches high, of a thick and corpulent</line>
        <line n="6">habit, having on her head a thick covering</line>
        <line n="7">of black hair that curls naturally, but which</line>
        <line n="8">can be easily combed straight. She speaks</line>
        <line n="9">easily and fluently, and has an agreeable</line>
        <line n="10">carriage and address. Being a good</line>
        <line n="11">seamstress, she has been accustomed to</line>
        <line n="12">dress well, has a variety of very fine</line>
        <line n="13">clothes, made in the prevailing fashion,</line>
        <line n="14">and will probably appear, if abroad, tricked</line>
        <line n="15">out in gay and fashionable finery. As this</line>
        <line n="16">girl absconded from the plantation of my</line>
        <line n="17">son without any known cause or</line>
        <line n="18">provocation, it is probable she designs to</line>
        <line n="19">transport herself to the <location>North</location>.</line>
        <line n="20">The above reward, with all reasonable</line>
        <line n="21">charges, will be given for apprehending</line>
        <line n="22">her, or securing her in any <location>prison</location> or <location>jail</location></line>
        <line n="23">within the <location>U. States</location>.</line>
        <line n="24">All persons are hereby forewarned against harboring or entertaining her, or
            being in</line>
        <line n="25">any way instrumental in her escape, under the most rigorous penalties of the
            law.</line>
        <line n="26">
            <name>JAMES NORCOM.</name>
        </line>
        <line n="27">
            <location>Edenton, N.C.</location>
            <date>June <number>30</number></date>
        </line>
    </letter>
    <letter n="2">
        <line n="1"><location>Phila.</location> <date><number>25</number> June <number>1842</number></date></line>
        <line n="2">Esteemed Friend,</line>
        <line n="3">... I hope you will call &amp; see, if she is now in the city, one of the most
            interesting cases of</line>
        <line n="4">escape from slavery that you have ever seen. She was sent from this city yesterday
            morning &amp;</line>
        <line n="5">consigned to <name>Mr. Johnston</name>. She is from <location>N.C.</location> was brought away by a sea captain. She
            was</line>
        <line n="6">sold by her master to the speculators &amp; to avoid being sent away she was hidden
            for <number>7</number> years!</line>
        <line n="7">in a small upper room of a house occupied by colored people &amp; within a <number>hundred</number>
            yards of her</line>
        <line n="8">master's house, who did not know she was there. She had not seen her boy, for <number>7</number> years
            till</line>
        <line n="9">within <number>3</number> days of her coming away. She has been shut up so long that she can hardly
            walk.</line>
        <line n="10">Another woman was brought away from Delaware, who was found tied to a tree. If
            <name mrJohnstonPart="1">Mr.</name></line>
        <line n="11"><name mrJohnstonPart="2">Johnston</name> was the man he ought to be, he would invite you occasionally to see some of
            these</line>
        <line n="12">remarkable cases, which are continually passing from <location>Phil.</location> to <location>N.Y.</location> The Vagrant what a
            queer</line>
        <line n="13">mistake. The Vigilance Committee of this city are doing a fine business in weakening
            &amp;</line>
        <line n="14">delapidating the edifice of slavery. Success to them...</line>
        <line n="15"><name>Joshua Coffin</name></line>
    </letter>
</XML>
